/*==============================================================*/
/*8月5号*/
/*添加用户表身份证号码user_code字段*/
alter table USER_CRM.TB_USER add (user_code varchar2(18));
/*==============================================================*/
/*8月8号*/
/*向系统参数表和系统参数分类表中插入测试数据*/
INSERT INTO TB_DIMISSION_TYPE(DIMI_TYPE_ID,DIMI_TYPE_NAME) VALUES(1,'产品分类');
INSERT INTO TB_DIMISSION_TYPE(DIMI_TYPE_ID,DIMI_TYPE_NAME) VALUES(2,'客户分类');
INSERT INTO TB_DIMISSION_TYPE(DIMI_TYPE_ID,DIMI_TYPE_NAME) VALUES(3,'订单分类');
INSERT INTO TB_DIMISSION_TYPE(DIMI_TYPE_ID,DIMI_TYPE_NAME) VALUES(4,'日月周报');

INSERT INTO TB_DIMISSION(DIMISSION_ID,DIMISSION_NAME,DIMI_TYPE_ID,DIMISSION_IS_DEL) VALUES(1,'电子设备',1,0);
INSERT INTO TB_DIMISSION(DIMISSION_ID,DIMISSION_NAME,DIMI_TYPE_ID,DIMISSION_IS_DEL) VALUES(2,'办公用品',1,0);
INSERT INTO TB_DIMISSION(DIMISSION_ID,DIMISSION_NAME,DIMI_TYPE_ID,DIMISSION_IS_DEL) VALUES(3,'供应商',2,0);
INSERT INTO TB_DIMISSION(DIMISSION_ID,DIMISSION_NAME,DIMI_TYPE_ID,DIMISSION_IS_DEL) VALUES(4,'合作公司',2,0);
INSERT INTO TB_DIMISSION(DIMISSION_ID,DIMISSION_NAME,DIMI_TYPE_ID,DIMISSION_IS_DEL) VALUES(5,'其他',2,0);
INSERT INTO TB_DIMISSION(DIMISSION_ID,DIMISSION_NAME,DIMI_TYPE_ID,DIMISSION_IS_DEL) VALUES(6,'产品销售',3,0);
INSERT INTO TB_DIMISSION(DIMISSION_ID,DIMISSION_NAME,DIMI_TYPE_ID,DIMISSION_IS_DEL) VALUES(7,'服务',3,0);
INSERT INTO TB_DIMISSION(DIMISSION_ID,DIMISSION_NAME,DIMI_TYPE_ID,DIMISSION_IS_DEL) VALUES(8,'业务合作',3,0);
INSERT INTO TB_DIMISSION(DIMISSION_ID,DIMISSION_NAME,DIMI_TYPE_ID,DIMISSION_IS_DEL) VALUES(9,'代理分销',3,0);
INSERT INTO TB_DIMISSION(DIMISSION_ID,DIMISSION_NAME,DIMI_TYPE_ID,DIMISSION_IS_DEL) VALUES(10,'日报',4,0);
INSERT INTO TB_DIMISSION(DIMISSION_ID,DIMISSION_NAME,DIMI_TYPE_ID,DIMISSION_IS_DEL) VALUES(11,'周报',4,0);
INSERT INTO TB_DIMISSION(DIMISSION_ID,DIMISSION_NAME,DIMI_TYPE_ID,DIMISSION_IS_DEL) VALUES(12,'月报',4,0);

/*==============================================================*/

--添加功能分类
INSERT INTO TB_FC_TYPE(FC_TYPE_ID,FC_TYPE_NAME) VALUES(1,'系统权限');
INSERT INTO TB_FC_TYPE(FC_TYPE_ID,FC_TYPE_NAME) VALUES(2,'客户管理');
INSERT INTO TB_FC_TYPE(FC_TYPE_ID,FC_TYPE_NAME) VALUES(3,'客户关怀');
INSERT INTO TB_FC_TYPE(FC_TYPE_ID,FC_TYPE_NAME) VALUES(4,'客户投诉');
INSERT INTO TB_FC_TYPE(FC_TYPE_ID,FC_TYPE_NAME) VALUES(5,'个人设置');
INSERT INTO TB_FC_TYPE(FC_TYPE_ID,FC_TYPE_NAME) VALUES(6,'项目管理');
INSERT INTO TB_FC_TYPE(FC_TYPE_ID,FC_TYPE_NAME) VALUES(7,'联系人管理');
INSERT INTO TB_FC_TYPE(FC_TYPE_ID,FC_TYPE_NAME) VALUES(8,'纪念日管理');
INSERT INTO TB_FC_TYPE(FC_TYPE_ID,FC_TYPE_NAME) VALUES(9,'销售机会管理');
INSERT INTO TB_FC_TYPE(FC_TYPE_ID,FC_TYPE_NAME) VALUES(10,'竞争对手管理');
INSERT INTO TB_FC_TYPE(FC_TYPE_ID,FC_TYPE_NAME) VALUES(11,'报价管理');
INSERT INTO TB_FC_TYPE(FC_TYPE_ID,FC_TYPE_NAME) VALUES(12,'订单管理');
INSERT INTO TB_FC_TYPE(FC_TYPE_ID,FC_TYPE_NAME) VALUES(13,'合同管理');
INSERT INTO TB_FC_TYPE(FC_TYPE_ID,FC_TYPE_NAME) VALUES(14,'库存管理');
INSERT INTO TB_FC_TYPE(FC_TYPE_ID,FC_TYPE_NAME) VALUES(15,'产品管理');
INSERT INTO TB_FC_TYPE(FC_TYPE_ID,FC_TYPE_NAME) VALUES(16,'回款管理');
INSERT INTO TB_FC_TYPE(FC_TYPE_ID,FC_TYPE_NAME) VALUES(17,'退货管理');
INSERT INTO TB_FC_TYPE(FC_TYPE_ID,FC_TYPE_NAME) VALUES(18,'产品分类管理');
INSERT INTO TB_FC_TYPE(FC_TYPE_ID,FC_TYPE_NAME) VALUES(19,'计划回款');
INSERT INTO TB_FC_TYPE(FC_TYPE_ID,FC_TYPE_NAME) VALUES(20,'付款管理');
INSERT INTO TB_FC_TYPE(FC_TYPE_ID,FC_TYPE_NAME) VALUES(21,'任务行动');
INSERT INTO TB_FC_TYPE(FC_TYPE_ID,FC_TYPE_NAME) VALUES(22,'公告管理');
INSERT INTO TB_FC_TYPE(FC_TYPE_ID,FC_TYPE_NAME) VALUES(23,'出库管理');
INSERT INTO TB_FC_TYPE(FC_TYPE_ID,FC_TYPE_NAME) VALUES(24,'入库管理');
INSERT INTO TB_FC_TYPE(FC_TYPE_ID,FC_TYPE_NAME) VALUES(25,'发货管理');
INSERT INTO TB_FC_TYPE(FC_TYPE_ID,FC_TYPE_NAME) VALUES(26,'客户服务');
INSERT INTO TB_FC_TYPE(FC_TYPE_ID,FC_TYPE_NAME) VALUES(27,'开票记录');
INSERT INTO TB_FC_TYPE(FC_TYPE_ID,FC_TYPE_NAME) VALUES(28,'系统日志');
INSERT INTO TB_FC_TYPE(FC_TYPE_ID,FC_TYPE_NAME) VALUES(29,'数据日志');
INSERT INTO TB_FC_TYPE(FC_TYPE_ID,FC_TYPE_NAME) VALUES(30,'员工日志');
INSERT INTO TB_FC_TYPE(FC_TYPE_ID,FC_TYPE_NAME) VALUES(31,'消息管理');
INSERT INTO TB_FC_TYPE(FC_TYPE_ID,FC_TYPE_NAME) VALUES(32,'采购管理');
INSERT INTO TB_FC_TYPE(FC_TYPE_ID,FC_TYPE_NAME) VALUES(33,'系统参数管理');
INSERT INTO TB_FC_TYPE(FC_TYPE_ID,FC_TYPE_NAME) VALUES(34,'维修管理');

--添加功能权限
INSERT INTO TB_FUNCTIONS(FC_ID,FC_NAME,FC_TYPE_ID) VALUES(1,'登录',1);
INSERT INTO TB_FUNCTIONS(FC_ID,FC_NAME,FC_TYPE_ID) VALUES(2,'注册',1);
INSERT INTO TB_FUNCTIONS(FC_ID,FC_NAME,FC_TYPE_ID) VALUES(3,'修改密码',1);
INSERT INTO TB_FUNCTIONS(FC_ID,FC_NAME,FC_TYPE_ID) VALUES(4,'重置密码',1);
INSERT INTO TB_FUNCTIONS(FC_ID,FC_NAME,FC_TYPE_ID) VALUES(5,'刷新用户',1);
INSERT INTO TB_FUNCTIONS(FC_ID,FC_NAME,FC_TYPE_ID) VALUES(6,'注销用户',1);
INSERT INTO TB_FUNCTIONS(FC_ID,FC_NAME,FC_TYPE_ID) VALUES(7,'用户列表',1);
INSERT INTO TB_FUNCTIONS(FC_ID,FC_NAME,FC_TYPE_ID) VALUES(8,'修改用户资料',1);
INSERT INTO TB_FUNCTIONS(FC_ID,FC_NAME,FC_TYPE_ID) VALUES(9,'查找用户',1);
INSERT INTO TB_FUNCTIONS(FC_ID,FC_NAME,FC_TYPE_ID) VALUES(10,'用户头像管理',1);
INSERT INTO TB_FUNCTIONS(FC_ID,FC_NAME,FC_TYPE_ID) VALUES(11,'查看用户详情',1);
INSERT INTO TB_FUNCTIONS(FC_ID,FC_NAME,FC_TYPE_ID) VALUES(12,'创建角色',1);
INSERT INTO TB_FUNCTIONS(FC_ID,FC_NAME,FC_TYPE_ID) VALUES(13,'删除角色',1);
INSERT INTO TB_FUNCTIONS(FC_ID,FC_NAME,FC_TYPE_ID) VALUES(14,'修改角色',1);
INSERT INTO TB_FUNCTIONS(FC_ID,FC_NAME,FC_TYPE_ID) VALUES(15,'查看角色详情',1);
INSERT INTO TB_FUNCTIONS(FC_ID,FC_NAME,FC_TYPE_ID) VALUES(16,'角色列表',1);
INSERT INTO TB_FUNCTIONS(FC_ID,FC_NAME,FC_TYPE_ID) VALUES(17,'给角色授权',1);
INSERT INTO TB_FUNCTIONS(FC_ID,FC_NAME,FC_TYPE_ID) VALUES(18,'给你角色分配部门',1);
INSERT INTO TB_FUNCTIONS(FC_ID,FC_NAME,FC_TYPE_ID) VALUES(19,'新建部门',1);
INSERT INTO TB_FUNCTIONS(FC_ID,FC_NAME,FC_TYPE_ID) VALUES(20,'修改部门',1);
INSERT INTO TB_FUNCTIONS(FC_ID,FC_NAME,FC_TYPE_ID) VALUES(21,'删除部门',1);
INSERT INTO TB_FUNCTIONS(FC_ID,FC_NAME,FC_TYPE_ID) VALUES(22,'部门列表',1);
INSERT INTO TB_FUNCTIONS(FC_ID,FC_NAME,FC_TYPE_ID) VALUES(23,'查看部门详情',1);
INSERT INTO TB_FUNCTIONS(FC_ID,FC_NAME,FC_TYPE_ID) VALUES(24,'给部门指定角色',1);
INSERT INTO TB_FUNCTIONS(FC_ID,FC_NAME,FC_TYPE_ID) VALUES(25,'新建客户',2);
INSERT INTO TB_FUNCTIONS(FC_ID,FC_NAME,FC_TYPE_ID) VALUES(26,'删除客户',2);
INSERT INTO TB_FUNCTIONS(FC_ID,FC_NAME,FC_TYPE_ID) VALUES(27,'查看客户详情',2);
INSERT INTO TB_FUNCTIONS(FC_ID,FC_NAME,FC_TYPE_ID) VALUES(28,'查找客户',2);
INSERT INTO TB_FUNCTIONS(FC_ID,FC_NAME,FC_TYPE_ID) VALUES(29,'客户列表',2);
INSERT INTO TB_FUNCTIONS(FC_ID,FC_NAME,FC_TYPE_ID) VALUES(30,'修改客户',2);

/*==============================================================*/

/*添加部门测试数据*/
INSERT INTO TB_DEPT(DEPT_ID,DEPT_NAME,DEPT_IS_DEL) VALUES(1,'销售部',0);
INSERT INTO TB_DEPT(DEPT_ID,DEPT_NAME,DEPT_IS_DEL) VALUES(2,'市场部',0);
INSERT INTO TB_DEPT(DEPT_ID,DEPT_NAME,DEPT_IS_DEL) VALUES(3,'财务部',0);
INSERT INTO TB_DEPT(DEPT_ID,DEPT_NAME,DEPT_IS_DEL) VALUES(4,'行政部',0);
INSERT INTO TB_DEPT(DEPT_ID,DEPT_NAME,DEPT_IS_DEL) VALUES(5,'产品部',0);
INSERT INTO TB_DEPT(DEPT_ID,DEPT_NAME,DEPT_IS_DEL) VALUES(6,'仓储部',0);
INSERT INTO TB_DEPT(DEPT_ID,DEPT_NAME,DEPT_IS_DEL) VALUES(7,'系统管理员',0);
INSERT INTO TB_DEPT(DEPT_ID,DEPT_NAME,DEPT_IS_DEL) VALUES(8,'BOSS',0);

/*==============================================================*/
/*8/10*/
/*给ROLE_FC修改字段名*/
alter table ROLE_FC rename column 角role_fc_id to ROLE_FC_ID;

/*==============================================================*/
/*8/14*/
/*角色表tb_role插入测试数据*/
INSERT INTO TB_ROLE(ROLE_ID,ROLE_NAME,ROLE_IS_DEL) VALUES(1,'BOSS',0);
INSERT INTO TB_ROLE(ROLE_ID,ROLE_NAME,ROLE_IS_DEL) VALUES(2,'销售部员工',0);
/*新建一个‘用户角色’中间表，添加外键关系并添加测试数据*/
CREATE TABLE tb_user_role(user_role_id NUMBER(10) PRIMARY KEY,
                        user_id NUMBER(10),role_id NUMBER(10));
ALTER TABLE tb_user_role ADD CONSTRAINT fk_user_role FOREIGN KEY (user_id) REFERENCES tb_user(user_id);
ALTER TABLE tb_user_role ADD CONSTRAINT fk_role_user FOREIGN KEY (role_id) REFERENCES tb_role(role_id);

INSERT INTO TB_USER_ROLE(USER_ROLE_ID,USER_ID,ROLE_ID) VALUES(1,79,1);

/*角色功能表插入测试数据*/
INSERT INTO ROLE_FC(ROLE_FC_ID,ROLE_ID,FC_ID) VALUES(1,1,1);
INSERT INTO ROLE_FC(ROLE_FC_ID,ROLE_ID,FC_ID) VALUES(2,1,2);
INSERT INTO ROLE_FC(ROLE_FC_ID,ROLE_ID,FC_ID) VALUES(3,1,3);
INSERT INTO ROLE_FC(ROLE_FC_ID,ROLE_ID,FC_ID) VALUES(4,1,4);
INSERT INTO ROLE_FC(ROLE_FC_ID,ROLE_ID,FC_ID) VALUES(5,1,5);

/*==============================================================*/
/*8/20*/
/*添加逻辑删除字段*/
alter table USER_CRM.ROLE_FC add (role_fc_is_del number(1));
alter table USER_CRM.DEPT_ROLE add (role_dept_is_del number(1));
alter table USER_CRM.TB_USER_ROLE add (user_role_is_del number(1));

/*==============================================================*/
/*8/24*/
/*给审批表添加审批申请人外键和审批申请单id*/
ALTER TABLE tb_approval ADD CONSTRAINT fk_approval_user FOREIGN KEY (APPROVAL_USER_ID) REFERENCES tb_user(user_id);
alter table TB_APPROVAL add (APPROVAL_order_id NUMBER(10));

/*添加系统参数：审批和审批类型*/
INSERT INTO TB_DIMISSION_TYPE(DIMI_TYPE_ID,DIMI_TYPE_NAME) VALUES(11,'审批类型');

INSERT INTO TB_DIMISSION(DIMISSION_ID,DIMISSION_NAME,DIMI_TYPE_ID,DIMISSION_IS_DEL) VALUES(51,'订单',11,0);
INSERT INTO TB_DIMISSION(DIMISSION_ID,DIMISSION_NAME,DIMI_TYPE_ID,DIMISSION_IS_DEL) VALUES(52,'采购单',11,0);
INSERT INTO TB_DIMISSION(DIMISSION_ID,DIMISSION_NAME,DIMI_TYPE_ID,DIMISSION_IS_DEL) VALUES(53,'报价单',11,0);

/*给审批表添加审批结果字段*/
alter table TB_APPROVAL add (approval_result VARCHAR2(8));
/*修改审批状态的长度*/
alter table TB_APPROVAL modify approval_status VARCHAR2(8);